file_name,subreddit,source,post_id,title,n_observations,start_score,end_score,start_comments,end_comments,total_dscore,total_dcomments,total_dt_seconds,avg_score_rate,avg_comment_rate,max_score_rate,max_comment_rate,score_per_comment
politics_hot.jsonl,politics,hot,1so1r8x,MAGA Is Increasingly Convinced the Trump Assassination Attempt Was Staged,7,21562,22096,2647,2693,534,46,828.5,0.6446,0.0555,0.8037,0.0672,11.6087
politics_hot.jsonl,politics,hot,1so899t,MAGA Increasingly Believes Trump Assassination Attempt Was Fake | President Trump’s base seems to be turning against him like never before.,7,1070,1549,174,238,479,64,828.5,0.5782,0.0773,0.6857,0.1334,7.4844
politics_hot.jsonl,politics,hot,1so5sy7,Trump Is Stark-Raving Mad—Impeach Him Now,7,3845,4180,168,177,335,9,828.5,0.4044,0.0109,0.6165,0.0536,37.2222
news_new.jsonl,news,new,1so0d0o,Iran declares Strait of Hormuz completely open to commercial traffic during Israel-Lebanon ceasefire,7,15854,16140,1021,1035,286,14,828.4,0.3452,0.0169,0.5628,0.0402,20.4286
news_hot.jsonl,news,hot,1so0d0o,Iran declares Strait of Hormuz completely open to commercial traffic during Israel-Lebanon ceasefire,7,15875,16145,1022,1036,270,14,828.5,0.3259,0.0169,0.5358,0.0402,19.2857
news_new.jsonl,news,new,1so6u7z,"RFK Jr once cut penis off ‘road-killed raccoon’ in New York, new book reveals",7,2733,3012,337,354,279,17,828.4,0.3368,0.0205,0.4941,0.0534,16.4118
news_hot.jsonl,news,hot,1so6u7z,"RFK Jr once cut penis off ‘road-killed raccoon’ in New York, new book reveals",7,2737,3014,338,354,277,16,828.5,0.3343,0.0193,0.4701,0.0537,17.3125
politics_hot.jsonl,politics,hot,1snx5cp,Trump goes after Fox News host Jessica Tarlov as she reveals negative poll numbers calling her ‘least attractive’ and ‘boring’,7,10777,10945,1036,1053,168,17,828.5,0.2028,0.0205,0.4301,0.0403,9.8824
politics_hot.jsonl,politics,hot,1so0vx3,Donald Trump Questions ‘What’s a Corner Store?’ at Tax Week Event: ‘I’ve Never Heard That Term’,7,4604,4799,500,505,195,5,828.5,0.2354,0.006,0.336,0.0134,39.0
politics_hot.jsonl,politics,hot,1so26ba,NYC Mayor Zohran Mamdani calls out Ken Griffin's $238 million penthouse on Tax Day,7,2539,2675,167,174,136,7,828.5,0.1642,0.0084,0.3068,0.0402,19.4286
news_new.jsonl,news,new,1so83of,Penn &amp; Teller warn the U.S. Supreme Court about junk science,7,825,1001,49,56,176,7,828.4,0.2125,0.0085,0.2805,0.0401,25.1429
news_new.jsonl,news,new,1so4udo,"Some 77,000 people found dead alone in their homes in 2025",7,2467,2586,237,240,119,3,828.4,0.1437,0.0036,0.2542,0.0269,39.6667
news_hot.jsonl,news,hot,1so4udo,"Some 77,000 people found dead alone in their homes in 2025",7,2467,2585,237,240,118,3,828.5,0.1424,0.0036,0.228,0.0134,39.3333
news_hot.jsonl,news,hot,1so83of,Penn &amp; Teller warn the U.S. Supreme Court about junk science,7,827,1000,49,56,173,7,828.5,0.2088,0.0084,0.2277,0.0402,24.7143
news_hot.jsonl,news,hot,1snc2uy,"ICE agent charged with assault by Minnesota prosecutors, arrest warrant issued",7,24546,24591,421,422,45,1,828.5,0.0543,0.0012,0.2,0.0133,45.0
news_hot.jsonl,news,hot,1snlzv0,Singer D4vd arrested in the murder of teen months after she was found dead in the trunk of Tesla,7,9577,9613,549,553,36,4,828.5,0.0435,0.0048,0.1609,0.0134,9.0
news_hot.jsonl,news,hot,1so69m4,Justices side with oil and gas companies fighting environmental lawsuits | AP News,7,569,609,75,77,40,2,828.5,0.0483,0.0024,0.1207,0.0133,20.0
politics_hot.jsonl,politics,hot,1so0gas,Post-Trump laws will have to prevent abuses of power and personal enrichment,7,2925,3006,216,219,81,3,828.5,0.0978,0.0036,0.1206,0.0133,27.0
politics_hot.jsonl,politics,hot,1snyb7w,Trump Admin Hands $20B Mega-Deal to Company Backed by Jared Kushner’s War Profiteer Brother,7,5224,5261,191,191,37,0,828.5,0.0447,0.0,0.1201,0,
politics_new.jsonl,politics,new,1soa4mw,Dems Officially File Impeachment Articles Against Hegseth Over Iran,5,2,51,2,11,49,9,679.4,0.0721,0.0132,0.1073,0.0267,5.4444
politics_hot.jsonl,politics,hot,1snzr63,'Financial Pawn of the Saudi Monarchy': House Judiciary Opens Probe Into Jared Kushner,7,2232,2274,38,38,42,0,828.5,0.0507,0.0,0.1067,0,
news_hot.jsonl,news,hot,1snr1qs,Man with AR-style pistol arrested at Aetna's Connecticut headquarters without incident,4,997,1003,126,126,6,0,224.0,0.0268,0.0,0.1066,0,
news_new.jsonl,news,new,1soa6a5,Family of man who died after deputy knelt on him file wrongful death lawsuit,4,1,34,0,2,33,2,604.5,0.0546,0.0033,0.0941,0.0044,16.5
news_new.jsonl,news,new,1so749c,Home shopping network pioneer QVC files for bankruptcy protection,7,187,215,44,53,28,9,828.4,0.0338,0.0109,0.0938,0.0401,3.1111
news_new.jsonl,news,new,1snr1qs,Man with AR-style pistol arrested at Aetna's Connecticut headquarters without incident,7,1004,1002,126,126,-2,0,828.4,-0.0024,0.0,0.0937,0,
news_hot.jsonl,news,hot,1so6xo8,Daniel Kinahan arrested in Dubai over serious organised crime,3,109,116,16,16,7,0,529.8,0.0132,0.0,0.0805,0,
news_new.jsonl,news,new,1so69m4,Justices side with oil and gas companies fighting environmental lawsuits | AP News,7,570,613,75,77,43,2,828.4,0.0519,0.0024,0.0804,0.0134,21.5
politics_hot.jsonl,politics,hot,1snz4mc,Video authentically shows sparse crowd for JD Vance at Turning Point USA event,7,3130,3166,119,120,36,1,828.5,0.0435,0.0012,0.08,0.0133,36.0
news_hot.jsonl,news,hot,1so2y19,New York City apartment building workers authorize a possible strike as contract talks stall,7,285,295,18,18,10,0,828.5,0.0121,0.0,0.067,0,
politics_new.jsonl,politics,new,1so97a1,"Obama Steps In to Fuel Trump’s Midterm Nightmare - The former president has voiced his support for a redistricting referendum, which will favor Democrats come November.",7,36,59,5,5,23,0,828.5,0.0278,0.0,0.067,0,
news_new.jsonl,news,new,1so2y19,New York City apartment building workers authorize a possible strike as contract talks stall,7,286,297,18,18,11,0,828.4,0.0133,0.0,0.0668,0,
politics_new.jsonl,politics,new,1so9n0p,Johnson’s razor-thin House majority narrows after Democrat’s New Jersey special election win,7,35,67,3,5,32,2,828.5,0.0386,0.0024,0.0668,0.0134,16.0
news_hot.jsonl,news,hot,1so749c,Home shopping network pioneer QVC files for bankruptcy protection,7,190,214,44,53,24,9,828.5,0.029,0.0109,0.0537,0.04,2.6667
news_new.jsonl,news,new,1so6xo8,Daniel Kinahan arrested in Dubai over serious organised crime,7,102,113,15,16,11,1,828.4,0.0133,0.0012,0.0403,0.0134,11.0
politics_new.jsonl,politics,new,1so8f6p,Diplomatic cables show Iran war is damaging US on multiple fronts across the world,2,62,65,18,18,3,0,74.6,0.0402,0.0,0.0402,0,
news_new.jsonl,news,new,1so9yn1,"Garret Anderson, World Series champion with Angels, dies at 53",3,11,14,0,2,3,2,149.1,0.0201,0.0134,0.0269,0.0268,1.5
politics_new.jsonl,politics,new,1so9h4p,‘Morale is going to be at an all-time low’: Iran war troops living on meager rations as Postal Service stops delivering,7,28,47,10,20,19,10,828.5,0.0229,0.0121,0.0268,0.0402,1.9
politics_new.jsonl,politics,new,1so9bqd,US commerce secretary lashes out at Canada ahead of trade talks: ‘They suck … Is this nuts?’,7,9,16,6,9,7,3,828.5,0.0084,0.0036,0.0268,0.0066,2.3333
politics_new.jsonl,politics,new,1soa4mj,Hochul expands proposed state restrictions on coordinating with ICE,5,1,10,1,1,9,0,679.4,0.0132,0.0,0.0267,0,
politics_new.jsonl,politics,new,1so9xhw,Republican attempt to erase trans women could derail long-awaited Smithsonian museum,7,7,11,1,4,4,3,828.5,0.0048,0.0036,0.0134,0.0134,1.3333
politics_new.jsonl,politics,new,1so9ib4,An expert forecasts how the Iran war could hit your budget,7,8,11,3,4,3,1,828.5,0.0036,0.0012,0.0134,0.0134,3.0
politics_new.jsonl,politics,new,1so99v9,Steve Kornacki: How a traditionally Republican area helped deliver a progressive victory in New Jersey,7,9,16,4,5,7,1,828.5,0.0084,0.0012,0.0134,0.0022,7.0
politics_new.jsonl,politics,new,1so8bnc,Lawmakers gathered quietly to talk about AI. Angst and fears of 'destruction' followed,2,14,15,9,9,1,0,74.6,0.0134,0.0,0.0134,0,
politics_new.jsonl,politics,new,1so9k1w,"Pay Z: NYC Mayor Zohran Mamdani is still earning rap music royalties, tax filings show",7,0,0,12,13,0,1,828.5,0.0,0.0012,0,0.0022,0.0
