post_id,title,n_observations,start_score,end_score,start_comments,end_comments,total_dscore,total_dcomments,total_dt_seconds,avg_score_rate,avg_comment_rate,max_score_rate,max_comment_rate
1so0d0o,Iran declares Strait of Hormuz completely open to commercial traffic during Israel-Lebanon ceasefire,7,15875,16145,1022,1036,270,14,828.5,0.3259,0.0169,0.5358,0.0402
1so6u7z,"RFK Jr once cut penis off ‘road-killed raccoon’ in New York, new book reveals",7,2737,3014,338,354,277,16,828.5,0.3343,0.0193,0.4701,0.0537
1so4udo,"Some 77,000 people found dead alone in their homes in 2025",7,2467,2585,237,240,118,3,828.5,0.1424,0.0036,0.228,0.0134
1so83of,Penn &amp; Teller warn the U.S. Supreme Court about junk science,7,827,1000,49,56,173,7,828.5,0.2088,0.0084,0.2277,0.0402
1snc2uy,"ICE agent charged with assault by Minnesota prosecutors, arrest warrant issued",7,24546,24591,421,422,45,1,828.5,0.0543,0.0012,0.2,0.0133
1snlzv0,Singer D4vd arrested in the murder of teen months after she was found dead in the trunk of Tesla,7,9577,9613,549,553,36,4,828.5,0.0435,0.0048,0.1609,0.0134
1so69m4,Justices side with oil and gas companies fighting environmental lawsuits | AP News,7,569,609,75,77,40,2,828.5,0.0483,0.0024,0.1207,0.0133
1snr1qs,Man with AR-style pistol arrested at Aetna's Connecticut headquarters without incident,4,997,1003,126,126,6,0,224.0,0.0268,0.0,0.1066,0
1so6xo8,Daniel Kinahan arrested in Dubai over serious organised crime,3,109,116,16,16,7,0,529.8,0.0132,0.0,0.0805,0
1so2y19,New York City apartment building workers authorize a possible strike as contract talks stall,7,285,295,18,18,10,0,828.5,0.0121,0.0,0.067,0
1so749c,Home shopping network pioneer QVC files for bankruptcy protection,7,190,214,44,53,24,9,828.5,0.029,0.0109,0.0537,0.04
